Workbook

Sheet Daily Log
A1: Daily practice log
A3: Date | B3: Topic | C3: Questions | D3: Correct | E3: Accuracy | F3: Minutes | G3: Sec / question | H3: Notes
E4: =IF(C4>0,D4/C4,"") | G4: =IF(C4>0,F4*60/C4,"")
E5: =IF(C5>0,D5/C5,"") | G5: =IF(C5>0,F5*60/C5,"")
E6: =IF(C6>0,D6/C6,"") | G6: =IF(C6>0,F6*60/C6,"")
E7: =IF(C7>0,D7/C7,"") | G7: =IF(C7>0,F7*60/C7,"")
E8: =IF(C8>0,D8/C8,"") | G8: =IF(C8>0,F8*60/C8,"")
E9: =IF(C9>0,D9/C9,"") | G9: =IF(C9>0,F9*60/C9,"")
E10: =IF(C10>0,D10/C10,"") | G10: =IF(C10>0,F10*60/C10,"")
E11: =IF(C11>0,D11/C11,"") | G11: =IF(C11>0,F11*60/C11,"")
E12: =IF(C12>0,D12/C12,"") | G12: =IF(C12>0,F12*60/C12,"")
E13: =IF(C13>0,D13/C13,"") | G13: =IF(C13>0,F13*60/C13,"")
E14: =IF(C14>0,D14/C14,"") | G14: =IF(C14>0,F14*60/C14,"")
E15: =IF(C15>0,D15/C15,"") | G15: =IF(C15>0,F15*60/C15,"")
... E203: =IF(C203>0,D203/C203,"") | G203: =IF(C203>0,F203*60/C203,"")

Sheet Practice Sets
A1: Part XIII practice sets (8 questions each)
A3: Set | B3: Category | C3: Difficulty | D3: Suggested min | E3: Score / 8 | F3: Minutes taken | G3: Accuracy | H3: Within time? | I3: Date
A4: 1 | B4: Foundational arithmetic | C4: Beginner | D4: 6 | G4: =IF(E4<>"",E4/8,"") | H4: =IF(F4<>"",IF(F4<=D4,"Yes","No"),"")
A5: 2 | B5: Foundational arithmetic | C5: Beginner | D5: 6 | G5: =IF(E5<>"",E5/8,"") | H5: =IF(F5<>"",IF(F5<=D5,"Yes","No"),"")
A6: 3 | B6: Foundational arithmetic | C6: Beginner | D6: 6 | G6: =IF(E6<>"",E6/8,"") | H6: =IF(F6<>"",IF(F6<=D6,"Yes","No"),"")
A7: 4 | B7: Foundational arithmetic | C7: Intermediate | D7: 10 | G7: =IF(E7<>"",E7/8,"") | H7: =IF(F7<>"",IF(F7<=D7,"Yes","No"),"")
A8: 5 | B8: Foundational arithmetic | C8: Intermediate | D8: 10 | G8: =IF(E8<>"",E8/8,"") | H8: =IF(F8<>"",IF(F8<=D8,"Yes","No"),"")
A9: 6 | B9: Foundational arithmetic | C9: Intermediate | D9: 10 | G9: =IF(E9<>"",E9/8,"") | H9: =IF(F9<>"",IF(F9<=D9,"Yes","No"),"")
A10: 7 | B10: Foundational arithmetic | C10: Intermediate | D10: 10 | G10: =IF(E10<>"",E10/8,"") | H10: =IF(F10<>"",IF(F10<=D10,"Yes","No"),"")
A11: 8 | B11: Foundational arithmetic | C11: Advanced | D11: 16 | G11: =IF(E11<>"",E11/8,"") | H11: =IF(F11<>"",IF(F11<=D11,"Yes","No"),"")
A12: 9 | B12: Foundational arithmetic | C12: Advanced | D12: 16 | G12: =IF(E12<>"",E12/8,"") | H12: =IF(F12<>"",IF(F12<=D12,"Yes","No"),"")
A13: 10 | B13: Foundational arithmetic | C13: Advanced | D13: 16 | G13: =IF(E13<>"",E13/8,"") | H13: =IF(F13<>"",IF(F13<=D13,"Yes","No"),"")
A14: 11 | B14: Multiplication and division | C14: Beginner | D14: 6 | G14: =IF(E14<>"",E14/8,"") | H14: =IF(F14<>"",IF(F14<=D14,"Yes","No"),"")
A15: 12 | B15: Multiplication and division | C15: Beginner | D15: 6 | G15: =IF(E15<>"",E15/8,"") | H15: =IF(F15<>"",IF(F15<=D15,"Yes","No"),"")
... A73: 70 | B73: Advanced mental-math challenge | C73: Advanced | D73: 16 | G73: =IF(E73<>"",E73/8,"") | H73: =IF(F73<>"",IF(F73<=D73,"Yes","No"),"")

Sheet Mock Tests
A1: Mock test record
A3: Date | B3: Test name | C3: Questions | D3: Attempted | E3: Correct | F3: Wrong | G3: Marks / correct | H3: Negative / wrong | I3: Score | J3: Accuracy | K3: Minutes | L3: Weakest topic | N3: Summary
F4: =IF(D4<>"",D4-E4,"") | I4: =IF(D4<>"",E4*G4-F4*H4,"") | J4: =IF(D4>0,E4/D4,"") | N4: Mocks taken | O4: =COUNT(I4:I103)
F5: =IF(D5<>"",D5-E5,"") | I5: =IF(D5<>"",E5*G5-F5*H5,"") | J5: =IF(D5>0,E5/D5,"") | N5: Average score | O5: =IFERROR(AVERAGE(I4:I103),"")
F6: =IF(D6<>"",D6-E6,"") | I6: =IF(D6<>"",E6*G6-F6*H6,"") | J6: =IF(D6>0,E6/D6,"") | N6: Average accuracy | O6: =IFERROR(AVERAGE(J4:J103),"")
F7: =IF(D7<>"",D7-E7,"") | I7: =IF(D7<>"",E7*G7-F7*H7,"") | J7: =IF(D7>0,E7/D7,"")
F8: =IF(D8<>"",D8-E8,"") | I8: =IF(D8<>"",E8*G8-F8*H8,"") | J8: =IF(D8>0,E8/D8,"")
F9: =IF(D9<>"",D9-E9,"") | I9: =IF(D9<>"",E9*G9-F9*H9,"") | J9: =IF(D9>0,E9/D9,"")
F10: =IF(D10<>"",D10-E10,"") | I10: =IF(D10<>"",E10*G10-F10*H10,"") | J10: =IF(D10>0,E10/D10,"")
F11: =IF(D11<>"",D11-E11,"") | I11: =IF(D11<>"",E11*G11-F11*H11,"") | J11: =IF(D11>0,E11/D11,"")
F12: =IF(D12<>"",D12-E12,"") | I12: =IF(D12<>"",E12*G12-F12*H12,"") | J12: =IF(D12>0,E12/D12,"")
F13: =IF(D13<>"",D13-E13,"") | I13: =IF(D13<>"",E13*G13-F13*H13,"") | J13: =IF(D13>0,E13/D13,"")
F14: =IF(D14<>"",D14-E14,"") | I14: =IF(D14<>"",E14*G14-F14*H14,"") | J14: =IF(D14>0,E14/D14,"")
F15: =IF(D15<>"",D15-E15,"") | I15: =IF(D15<>"",E15*G15-F15*H15,"") | J15: =IF(D15>0,E15/D15,"")
F16: =IF(D16<>"",D16-E16,"") | I16: =IF(D16<>"",E16*G16-F16*H16,"") | J16: =IF(D16>0,E16/D16,"")
F17: =IF(D17<>"",D17-E17,"") | I17: =IF(D17<>"",E17*G17-F17*H17,"") | J17: =IF(D17>0,E17/D17,"")
F18: =IF(D18<>"",D18-E18,"") | I18: =IF(D18<>"",E18*G18-F18*H18,"") | J18: =IF(D18>0,E18/D18,"")
... F103: =IF(D103<>"",D103-E103,"") | I103: =IF(D103<>"",E103*G103-F103*H103,"") | J103: =IF(D103>0,E103/D103,"")

Sheet Mistake Log
A1: Mistake log: redo every row a week later
A3: Date | B3: Source (book / set / mock) | C3: Question no. | D3: Topic | E3: Reason | F3: What I will do differently | G3: Redone?

Sheet Topic Mastery
A1: Topic mastery: accuracy is calculated from the Daily Log
A3: Topic | B3: Questions logged | C3: Correct | D3: Accuracy | E3: Status | F3: Date mastered
A4: Complements and add/sub | B4: =SUMIF('Daily Log'!B:B,A4,'Daily Log'!C:C) | C4: =SUMIF('Daily Log'!B:B,A4,'Daily Log'!D:D) | D4: =IF(B4>0,C4/B4,"") | E4: =IF(B4<20,"Need more data",IF(D4>=0.9,"Mastered",IF(D4>=0.75,"Getting there","Revise")))
A5: ×11; ×5; ×25; ×9s | B5: =SUMIF('Daily Log'!B:B,A5,'Daily Log'!C:C) | C5: =SUMIF('Daily Log'!B:B,A5,'Daily Log'!D:D) | D5: =IF(B5>0,C5/B5,"") | E5: =IF(B5<20,"Need more data",IF(D5>=0.9,"Mastered",IF(D5>=0.75,"Getting there","Revise")))
A6: Nikhilam | B6: =SUMIF('Daily Log'!B:B,A6,'Daily Log'!C:C) | C6: =SUMIF('Daily Log'!B:B,A6,'Daily Log'!D:D) | D6: =IF(B6>0,C6/B6,"") | E6: =IF(B6<20,"Need more data",IF(D6>=0.9,"Mastered",IF(D6>=0.75,"Getting there","Revise")))
A7: Urdhva-Tiryagbhyam | B7: =SUMIF('Daily Log'!B:B,A7,'Daily Log'!C:C) | C7: =SUMIF('Daily Log'!B:B,A7,'Daily Log'!D:D) | D7: =IF(B7>0,C7/B7,"") | E7: =IF(B7<20,"Need more data",IF(D7>=0.9,"Mastered",IF(D7>=0.75,"Getting there","Revise")))
A8: Squares and square roots | B8: =SUMIF('Daily Log'!B:B,A8,'Daily Log'!C:C) | C8: =SUMIF('Daily Log'!B:B,A8,'Daily Log'!D:D) | D8: =IF(B8>0,C8/B8,"") | E8: =IF(B8<20,"Need more data",IF(D8>=0.9,"Mastered",IF(D8>=0.75,"Getting there","Revise")))
A9: Cubes and cube roots | B9: =SUMIF('Daily Log'!B:B,A9,'Daily Log'!C:C) | C9: =SUMIF('Daily Log'!B:B,A9,'Daily Log'!D:D) | D9: =IF(B9>0,C9/B9,"") | E9: =IF(B9<20,"Need more data",IF(D9>=0.9,"Mastered",IF(D9>=0.75,"Getting there","Revise")))
A10: Division methods | B10: =SUMIF('Daily Log'!B:B,A10,'Daily Log'!C:C) | C10: =SUMIF('Daily Log'!B:B,A10,'Daily Log'!D:D) | D10: =IF(B10>0,C10/B10,"") | E10: =IF(B10<20,"Need more data",IF(D10>=0.9,"Mastered",IF(D10>=0.75,"Getting there","Revise")))
A11: Fractions and percentages | B11: =SUMIF('Daily Log'!B:B,A11,'Daily Log'!C:C) | C11: =SUMIF('Daily Log'!B:B,A11,'Daily Log'!D:D) | D11: =IF(B11>0,C11/B11,"") | E11: =IF(B11<20,"Need more data",IF(D11>=0.9,"Mastered",IF(D11>=0.75,"Getting there","Revise")))
A12: Algebra identities and factorising | B12: =SUMIF('Daily Log'!B:B,A12,'Daily Log'!C:C) | C12: =SUMIF('Daily Log'!B:B,A12,'Daily Log'!D:D) | D12: =IF(B12>0,C12/B12,"") | E12: =IF(B12<20,"Need more data",IF(D12>=0.9,"Mastered",IF(D12>=0.75,"Getting there","Revise")))
A13: Simultaneous and quadratic equations | B13: =SUMIF('Daily Log'!B:B,A13,'Daily Log'!C:C) | C13: =SUMIF('Daily Log'!B:B,A13,'Daily Log'!D:D) | D13: =IF(B13>0,C13/B13,"") | E13: =IF(B13<20,"Need more data",IF(D13>=0.9,"Mastered",IF(D13>=0.75,"Getting there","Revise")))
A14: Ratio; averages; mixtures | B14: =SUMIF('Daily Log'!B:B,A14,'Daily Log'!C:C) | C14: =SUMIF('Daily Log'!B:B,A14,'Daily Log'!D:D) | D14: =IF(B14>0,C14/B14,"") | E14: =IF(B14<20,"Need more data",IF(D14>=0.9,"Mastered",IF(D14>=0.75,"Getting there","Revise")))
A15: Profit; loss; discount | B15: =SUMIF('Daily Log'!B:B,A15,'Daily Log'!C:C) | C15: =SUMIF('Daily Log'!B:B,A15,'Daily Log'!D:D) | D15: =IF(B15>0,C15/B15,"") | E15: =IF(B15<20,"Need more data",IF(D15>=0.9,"Mastered",IF(D15>=0.75,"Getting there","Revise")))
... A24: Data interpretation | B24: =SUMIF('Daily Log'!B:B,A24,'Daily Log'!C:C) | C24: =SUMIF('Daily Log'!B:B,A24,'Daily Log'!D:D) | D24: =IF(B24>0,C24/B24,"") | E24: =IF(B24<20,"Need more data",IF(D24>=0.9,"Mastered",IF(D24>=0.75,"Getting there","Revise")))

Sheet 90-Day Plan
A1: 90-day plan for government exams (see Part XIV)
A3: Day | B3: Phase | C3: Focus | D3: Done? | E3: Notes
A4: 1 | B4: Foundation | C4: Parts I–III; tables to 20; squares to 30; cubes to 15
A5: 2 | B5: Foundation | C5: Parts I–III; tables to 20; squares to 30; cubes to 15
A6: 3 | B6: Foundation | C6: Parts I–III; tables to 20; squares to 30; cubes to 15
A7: 4 | B7: Foundation | C7: Parts I–III; tables to 20; squares to 30; cubes to 15
A8: 5 | B8: Foundation | C8: Parts I–III; tables to 20; squares to 30; cubes to 15
A9: 6 | B9: Foundation | C9: Parts I–III; tables to 20; squares to 30; cubes to 15
A10: 7 | B10: Foundation | C10: Parts I–III; tables to 20; squares to 30; cubes to 15 · weekly revision
A11: 8 | B11: Foundation | C11: Parts I–III; tables to 20; squares to 30; cubes to 15
A12: 9 | B12: Foundation | C12: Parts I–III; tables to 20; squares to 30; cubes to 15
A13: 10 | B13: Foundation | C13: Parts I–III; tables to 20; squares to 30; cubes to 15
A14: 11 | B14: Foundation | C14: Parts I–III; tables to 20; squares to 30; cubes to 15
A15: 12 | B15: Foundation | C15: Parts I–III; tables to 20; squares to 30; cubes to 15
... A93: 90 | B93: Revision | C93: Part XV formula sheets; redo the Mistake Log; full mocks

Sheet Lists
A1: Complements and add/sub | B1: Concept gap | C1: Yes
A2: ×11; ×5; ×25; ×9s | B2: Careless | C2: No
A3: Nikhilam | B3: Too slow
A4: Urdhva-Tiryagbhyam | B4: Misread question
A5: Squares and square roots | B5: Wrong shortcut
A6: Cubes and cube roots | B6: Calculation slip
A7: Division methods | B7: Guessed
A8: Fractions and percentages
A9: Algebra identities and factorising
A10: Simultaneous and quadratic equations
A11: Ratio; averages; mixtures
A12: Profit; loss; discount
A13: Simple and compound interest
A14: Time and work; pipes
A15: Speed; trains; boats
A16: Number system and remainders
A17: Counting and probability
A18: Mensuration
A19: Calendar
... A21: Data interpretation
